vp1_nt_position,qscore_count,mean_qscore,sd_qscore
1,388774,42.934,6.798
2,388774,43.102,5.894
3,388774,43.651,6.052
4,388774,43.644,5.619
5,388774,43.419,5.493
6,388774,43.225,5.349
7,388774,42.597,5.604
8,388774,43.081,6.251
9,388774,42.66,6.182
10,388774,42.761,5.708
11,388774,43.227,6.076
12,388774,43.501,6.088
13,388774,43.151,5.76
14,388774,42.404,7.365
15,388774,39.899,8.063
16,388774,40.316,8.324
17,388774,39.904,8.534
18,388774,39.568,8.625
19,388774,39.454,8.034
20,388774,41.06,7.842
21,388774,41.58,7.609
22,388774,42.531,7.231
23,388774,41.794,6.888
24,388774,42.387,6.919
25,388774,42.701,6.401
26,388774,43.085,6.429
27,388774,41.698,6.394
28,388774,40.796,6.976
29,388774,40.365,8.01
30,388774,38.611,8.689
31,388774,37.509,8.474
32,388774,40.85,8.169
33,388774,41.681,7.83
34,388774,39.353,7.806
35,388774,40.813,7.299
36,388774,41.151,7.699
37,388774,41.707,7.833
38,388774,41.043,8.039
39,388774,39.269,8.317
40,388774,39.509,8.756
41,388774,39.084,9.173
42,388774,38.566,9.133
43,388774,39.889,9.567
44,388774,41.199,9.283
45,388774,41.45,8.711
46,388774,39.891,9.424
47,388774,40.496,9.538
48,388774,40.003,9.057
49,388774,39.436,9.112
50,388774,38.296,9.249
51,388774,39.623,8.28
52,388774,39.868,8.378
53,388774,39.789,8.217
54,388774,38.628,8.583
55,388774,39.813,8.598
56,388774,41.312,8.331
57,388774,40.662,8.413
58,388774,38.716,8.758
59,388774,39.088,9.073
60,388774,37.928,9.031
61,388774,34.137,9.936
62,388774,37.97,9.249
63,388774,34.981,9.307
64,388774,37.914,10.477
65,388774,38.876,9.695
66,388774,41.216,8.285
67,388774,41.824,7.917
68,388774,40.067,8.219
69,388774,38.321,8.961
70,388774,38.286,8.861
71,388774,38.732,8.525
72,388774,39.354,8.133
73,388774,39.252,7.769
74,388774,41.675,7.473
75,388774,42.292,6.386
76,388774,42.303,6.028
77,388774,42.739,6.1
78,388774,43.739,5.571
79,388774,43.743,5.669
80,388774,41.662,7.848
81,388774,40.814,8.039
82,388774,41.412,8.496
83,388774,40.352,8.756
84,388774,39.071,9.942
85,388774,37.773,9.874
86,388774,38.316,9.878
87,388774,37.889,10.547
88,388774,38.414,8.94
89,388774,39.853,8.565
90,388774,41.912,6.877
91,388774,42.058,7.042
92,388774,40.886,7.646
93,388774,40.879,8.023
94,388774,41.451,8.032
95,388774,39.766,9.221
96,388774,39.154,9.599
97,388774,39.391,9.588
98,388774,38.948,9.685
99,388774,40.415,8.463
100,388774,40.658,8.516
101,388774,41.289,8.487
102,388774,41.375,8.517
103,388774,40.949,8.566
104,388774,39.996,8.503
105,388774,40.09,9.34
106,388774,39.6,9.643
107,388774,40.173,9.539
108,388774,40.125,9.284
109,388774,40.366,9.196
110,388774,41.203,8.121
111,388774,40.073,8.941
112,388774,39.799,9.148
113,388774,37.611,9.601
114,388774,37.523,9.661
115,388774,39.32,9.361
116,388774,39.734,9.357
117,388774,40.739,8.782
118,388774,40.713,8.643
119,388774,40.937,8.256
120,388774,40.521,7.355
121,388774,41.442,7.249
122,388774,40.551,6.919
123,388774,39.138,7.389
124,388774,39.681,8.053
125,388774,40.43,8.027
126,388774,40.356,7.912
127,388774,39.673,8.845
128,388774,40.183,8.434
129,388774,41.601,7.422
130,388774,41.367,7.528
131,388774,41.545,7.498
132,388774,41.113,6.919
133,388774,43.476,6.462
134,388774,43.397,5.722
135,388774,43.513,5.547
136,388774,43.96,5.272
137,388774,44.518,5.235
138,388774,43.382,5.351
139,388774,43.026,6.49
140,388774,42.925,6.888
141,388774,41.929,7.633
142,388774,41.653,8.462
143,388774,41.874,8.436
144,388774,40.926,8.779
145,388774,40.924,8.927
146,388774,40.384,8.796
147,388774,37.239,9.783
148,388774,36.535,9.901
149,388774,37.281,9.942
150,388774,37.77,9.346
151,388774,38.46,9.173
152,388774,42.04,7.441
153,388774,42.021,7.129
154,388774,42.2,6.579
155,388774,42.101,7.115
156,388774,40.926,6.844
157,388774,40.62,7.546
158,388774,41.072,7.62
159,388774,41.788,7.722
160,388774,39.675,8.808
161,388774,38.79,9.622
162,388774,39.409,9.51
163,388774,39.101,9.821
164,388774,38.549,9.704
165,388774,39.609,8.651
166,388774,41.375,8.42
167,388774,41.232,8.207
168,388774,42.781,7.747
169,388774,43.156,7.196
170,388774,42.601,7.353
171,388774,42.474,7.579
172,388774,40.777,9.106
173,388774,39.651,9.285
174,388774,41.57,8.408
175,388774,42.221,7.872
176,388774,43.332,7.137
177,388774,43.326,6.905
178,388774,43.161,6.843
179,388774,43.195,7.119
180,388774,42.31,7.325
181,388774,42.471,7.406
182,388774,42.175,7.305
183,388774,43.4,6.982
184,388774,43.158,7.104
185,388774,42.898,6.589
186,388774,43.664,6.183
187,388774,43.379,6.084
188,388774,43.269,5.903
189,388774,43.851,6.105
190,388774,43.956,5.766
191,388774,43.142,6.55
192,388774,43.105,6.731
193,388774,42.833,6.58
194,388774,42.694,7.243
195,388774,42.825,7.248
196,388774,42.485,7.087
197,388774,43.334,7.275
198,388774,41.276,7.468
199,388774,41.611,7.849
200,388774,41.096,8.051
201,388774,40.149,8.036
202,388774,40.54,7.803
203,388774,40.06,8.718
204,388774,38.986,8.813
205,388774,40.915,7.832
206,388774,40.285,8.06
207,388774,40.156,7.78
208,388774,39.75,7.878
209,388774,37.922,7.307
210,388774,41.748,7.268
211,388774,41.105,7.156
212,388774,40.966,7.252
213,388774,40.85,7.71
214,388774,41.022,7.761
215,388774,40.179,7.816
216,388774,39.983,8.242
217,388774,40.043,8.245
218,388774,39.031,8.132
219,388774,40.707,8.33
220,388774,41.17,8.233
221,388774,41.619,8.473
222,388774,41.693,8.209
223,388774,41.963,7.757
224,388774,41.667,7.353
225,388774,42.194,6.995
226,388774,41.596,7.605
227,388774,40.506,8.452
228,388774,39.515,8.527
229,388774,39.534,9.495
230,388774,38.78,9.842
231,388774,38.574,9.835
232,388774,35.858,10.368
233,388774,36.062,10.606
234,388774,36.739,10.407
235,388774,35.438,10.234
236,388774,36.051,9.827
237,388774,39.53,8.101
238,388774,41.744,7.81
239,388774,40.809,7.804
240,388774,39.598,8.821
241,388774,39.731,9.238
242,388774,39.849,8.623
243,388774,36.276,8.707
244,388774,30.145,11.496
245,388774,30.427,11.94
246,388774,37.0,8.73
247,388774,37.756,8.125
248,388774,38.064,7.645
249,388774,37.671,7.943
250,388774,37.647,8.588
251,388774,39.066,8.198
252,388774,38.714,9.306
253,388774,39.528,9.099
254,388774,38.312,9.244
255,388774,38.546,9.468
256,388774,39.922,8.059
257,388774,40.579,8.146
258,388774,40.704,8.201
259,388774,39.808,9.216
260,388774,39.891,9.208
261,388774,38.435,10.137
262,388774,39.109,10.117
263,388774,38.82,10.184
264,388774,39.104,8.936
265,388774,40.903,8.152
266,388774,41.163,7.993
267,388774,34.022,11.17
268,388774,33.849,11.902
269,388774,33.78,11.877
270,388774,33.321,11.544
271,388774,32.555,11.34
272,388774,39.022,8.889
273,388774,39.844,8.443
274,388774,39.153,8.679
275,388774,40.22,8.523
276,388774,41.298,8.011
277,388774,42.268,7.68
278,388774,42.095,8.048
279,388774,41.657,8.163
280,388774,39.668,8.69
281,388774,39.476,8.991
282,388774,38.926,8.813
283,388774,37.351,9.315
284,388774,38.615,9.139
285,388774,39.516,9.114
286,388774,36.893,10.609
287,388774,35.955,10.763
288,388774,35.903,10.832
289,388774,35.475,10.523
290,388774,35.686,10.431
291,388774,37.378,8.71
292,388774,39.717,8.579
293,388774,38.395,8.479
294,388774,39.218,7.466
295,388774,39.443,7.474
296,388774,40.436,7.224
297,388774,40.713,6.731
298,388774,42.367,6.373
299,388774,42.187,6.6
300,388774,42.724,6.898
301,388774,41.784,7.339
302,388774,41.429,7.458
303,388774,41.166,7.499
304,388774,42.012,7.52
305,388774,41.97,7.769
306,388774,42.307,7.494
307,388774,41.345,7.796
308,388774,41.306,7.374
309,388774,42.02,7.49
310,388774,41.897,7.404
311,388774,42.026,7.419
312,388774,40.641,8.51
313,388774,40.498,9.434
314,388774,41.749,8.009
315,388774,41.66,8.002
316,388774,40.978,8.031
317,388774,39.912,8.221
318,388774,40.455,7.39
319,388774,39.359,7.665
320,388774,39.569,7.455
321,388774,38.103,8.03
322,388774,39.027,8.203
323,388774,41.71,7.742
324,388774,40.913,8.306
325,388774,41.384,8.027
326,388774,42.17,7.792
327,388774,42.561,7.701
328,388774,43.24,7.501
329,388774,43.364,7.039
330,388774,43.211,7.043
331,388774,42.754,7.739
332,388774,41.59,7.879
333,388774,41.422,7.901
334,388774,41.599,7.691
335,388774,42.184,7.235
336,388774,40.598,8.27
337,388774,40.947,8.44
338,388774,41.691,8.454
339,388774,41.289,8.332
340,388774,41.263,8.299
341,388774,42.876,6.582
342,388774,43.403,5.406
343,388774,43.302,5.684
344,388774,43.245,5.814
345,388774,41.935,6.588
346,388774,42.215,6.678
347,388774,42.555,7.302
348,388774,42.341,7.482
349,388774,40.888,8.086
350,388774,41.283,8.42
351,388774,41.429,8.526
352,388774,41.131,8.385
353,388774,41.547,7.999
354,388774,40.314,7.436
355,388774,42.279,7.008
356,388774,41.415,7.115
357,388774,42.35,7.164
358,388774,42.192,6.981
359,388774,42.93,6.492
360,388774,42.401,7.451
361,388774,42.296,7.204
362,388774,42.221,7.398
363,388774,42.016,7.699
364,388774,42.242,7.64
365,388774,41.62,8.554
366,388774,40.401,8.542
367,388774,39.418,8.392
368,388774,40.789,8.458
369,388774,41.602,8.578
370,388774,43.666,7.255
371,388774,43.018,7.371
372,388774,42.004,7.196
373,388774,43.791,7.866
374,388774,43.696,7.765
375,388774,40.912,8.133
376,388774,41.652,8.162
377,388774,41.452,7.99
378,388774,41.186,7.794
379,388774,41.664,7.445
380,388774,40.726,8.25
381,388774,40.408,8.604
382,388774,40.033,8.748
383,388774,39.58,8.963
384,388774,40.146,9.106
385,388774,41.23,8.676
386,388774,41.714,7.722
387,388774,41.575,7.7
388,388774,42.522,7.024
389,388774,42.556,6.905
390,388774,43.179,6.454
391,388774,41.545,6.299
392,388774,44.246,5.913
393,388774,43.912,5.584
394,388774,43.468,5.503
395,388774,43.847,5.621
396,388774,43.247,5.575
397,388774,42.723,5.857
398,388774,43.017,6.129
399,388774,42.431,6.324
400,388774,42.618,6.382
401,388774,42.507,6.137
402,388774,42.392,5.897
403,388774,43.134,6.23
404,388774,41.467,7.688
405,388774,41.507,7.777
406,388774,41.509,8.077
407,388774,42.963,8.098
408,388774,43.526,6.646
409,388774,42.479,6.942
410,388774,44.254,6.012
411,388774,44.129,5.44
412,388774,44.719,5.483
413,388774,44.102,5.633
414,388774,43.36,5.456
415,388774,43.528,5.687
416,388774,42.95,6.229
417,388774,42.895,6.321
418,388774,42.807,6.508
419,388774,42.291,6.822
420,388774,42.693,6.655
421,388774,43.314,6.356
422,388774,43.801,5.893
423,388774,42.462,5.892
424,388774,42.289,5.637
425,388774,43.165,5.213
426,388774,42.415,5.625
427,388774,42.177,5.54
428,388774,43.234,5.46
429,388774,43.482,5.442
430,388774,42.496,5.43
431,388774,44.061,5.396
432,388774,44.021,5.317
433,388774,44.208,5.368
434,388774,42.529,7.165
435,388774,43.542,5.602
436,388774,43.757,5.527
437,388774,43.927,5.799
438,388774,42.123,6.593
439,388774,43.256,6.416
440,388774,42.403,7.786
441,388774,41.105,8.485
442,388774,41.822,7.38
443,388774,42.525,7.21
444,388774,42.467,7.049
445,388774,42.409,6.928
446,388774,43.971,6.132
447,388774,43.912,6.225
448,388774,43.563,6.304
449,388774,42.167,7.83
450,388774,41.324,8.011
451,388774,41.824,8.389
452,388774,40.558,9.114
453,388774,35.07,10.796
454,388774,35.282,11.176
455,388774,35.434,11.215
456,388774,35.038,10.99
457,388774,35.59,10.61
458,388774,42.8,7.393
459,388774,42.847,7.871
460,388774,41.856,7.673
461,388774,42.531,7.854
462,388774,42.415,7.978
463,388774,42.163,7.813
464,388774,39.391,8.783
465,388774,40.512,8.71
466,388774,41.041,8.137
467,388774,40.719,8.247
468,388774,40.751,8.234
469,388774,42.713,7.348
470,388774,43.098,6.632
471,388774,42.541,6.854
472,388774,43.117,7.049
473,388774,42.999,6.68
474,388774,42.223,6.554
475,388774,41.886,6.476
476,388774,41.208,6.165
477,388774,41.672,6.354
478,388774,41.923,6.429
479,388774,42.147,6.113
480,388774,42.597,6.526
481,388774,43.561,6.606
482,388774,42.005,7.062
483,388774,40.683,7.917
484,388774,40.874,8.224
485,388774,41.382,8.264
486,388774,40.158,8.442
487,388774,37.741,10.136
488,388774,40.546,8.138
489,388774,42.871,7.213
490,388774,42.794,6.965
491,388774,43.77,6.104
492,388774,43.697,6.438
493,388774,43.355,6.452
494,388774,42.954,6.52
495,388774,42.105,6.32
496,388774,42.763,6.437
497,388774,41.575,7.592
498,388774,40.066,7.688
499,388774,41.722,8.236
500,388774,40.111,8.451
501,388774,39.776,8.634
502,388774,41.704,7.28
503,388774,42.01,7.644
504,388774,40.114,8.137
505,388774,43.212,6.474
506,388774,43.074,6.123
507,388774,42.258,6.74
508,388774,42.036,6.733
509,388774,42.761,6.647
510,388774,41.734,6.656
511,388774,42.543,6.623
512,388774,42.819,6.623
513,388774,42.61,6.912
514,388774,41.983,6.394
515,388774,42.4,6.733
516,388774,42.267,6.884
517,388774,42.338,6.75
518,388774,42.357,6.124
519,388774,42.074,6.818
520,388774,41.767,6.744
521,388774,41.015,7.175
522,388774,40.315,8.248
523,388774,40.708,8.476
524,388774,40.606,8.543
525,388774,41.569,8.802
526,388774,39.671,9.721
527,388774,39.06,10.108
528,388774,38.756,10.08
529,388774,39.204,9.932
530,388774,38.595,9.689
531,388774,39.019,9.866
532,388774,38.985,10.301
533,388774,37.292,10.291
534,388774,36.52,11.51
535,388774,36.477,11.575
536,388774,35.433,11.369
537,388774,35.95,11.15
538,388774,37.24,9.135
539,388774,37.192,9.459
540,388774,37.314,8.996
541,388774,38.556,9.636
542,388774,37.903,9.704
543,388774,38.574,9.644
544,388774,37.671,10.276
545,388774,37.09,9.952
546,388774,39.33,8.887
547,388774,40.21,8.997
548,388774,40.557,8.854
549,388774,43.752,6.612
550,388774,43.589,6.864
551,388774,43.106,7.155
552,388774,42.475,7.324
553,388774,42.559,7.236
554,388774,42.537,7.735
555,388774,42.212,7.693
556,388774,40.701,8.153
557,388774,40.231,8.449
558,388774,39.779,8.314
559,388774,38.824,7.886
560,388774,39.886,8.008
561,388774,38.934,8.053
562,388774,33.055,10.142
563,388774,34.152,10.359
564,388774,34.29,10.448
565,388774,34.36,10.223
566,388774,38.244,7.845
567,388774,38.069,8.889
568,388774,39.009,9.571
569,388774,38.607,9.384
570,388774,35.23,11.527
571,388774,34.76,11.794
572,388774,34.78,11.608
573,388774,34.192,12.128
574,388774,33.505,11.809
575,388774,36.135,11.042
576,388774,35.439,10.963
577,388774,35.906,10.725
578,388774,38.044,9.796
579,388774,39.968,9.592
580,388774,40.445,9.596
581,388774,40.952,8.415
582,388774,41.038,9.051
583,388774,40.479,8.986
584,388774,39.741,8.76
585,388774,39.941,9.447
586,388774,40.222,9.339
587,388774,40.698,8.902
588,388774,39.979,8.893
589,388774,41.993,8.12
590,388774,41.811,8.177
591,388774,41.016,8.161
592,388774,39.334,9.362
593,388774,39.769,8.85
594,388774,39.72,8.947
595,388774,38.682,9.219
596,388774,38.483,9.519
597,388774,40.872,8.21
598,388774,42.07,8.279
599,388774,40.774,8.482
600,388774,41.464,8.232
601,388768,42.575,8.14
602,388759,41.623,8.203
603,388757,39.792,8.064
604,388743,41.152,8.287
605,388738,40.678,8.722
606,388731,39.942,8.645
607,388726,39.824,8.464
608,388717,40.049,8.276
609,388712,40.582,7.805
610,388699,39.889,7.63
611,388697,39.565,7.151
612,388697,39.735,7.246
613,388691,39.031,6.816
614,388684,39.383,7.362
615,388678,40.462,7.498
616,388678,41.044,7.846
617,388675,40.911,7.805
618,388667,41.58,8.157
619,388661,40.04,7.788
620,388661,41.548,7.742
621,388657,40.268,8.47
622,388651,41.191,7.442
623,388651,40.189,8.388
624,388647,42.782,7.724
625,388639,41.953,7.232
626,388636,39.758,8.878
627,388630,40.964,8.305
628,388610,39.926,8.257
629,388606,40.151,8.43
630,388604,39.926,7.988
631,388598,41.084,7.308
632,388594,41.845,7.123
633,388588,41.436,6.659
634,388585,41.934,7.298
635,388576,43.072,7.183
636,388573,42.581,7.357
637,388569,42.665,7.481
638,388565,42.443,7.866
639,388565,42.829,7.672
640,388560,42.654,8.191
641,388557,42.092,7.5
642,388550,43.366,6.972
643,388538,43.725,6.562
644,388535,43.926,6.455
645,388523,43.204,6.185
646,388515,41.107,8.487
647,388510,39.254,8.7
648,388501,39.322,9.207
649,388496,39.286,9.384
650,388490,39.5,8.963
651,388483,41.332,7.996
652,388477,41.491,8.05
653,388471,41.953,7.552
654,388468,40.455,9.165
655,388452,40.248,9.403
656,388442,40.901,9.085
657,388436,41.198,8.889
658,388427,40.774,8.478
659,388425,43.385,6.463
660,388419,42.996,6.678
661,388408,42.925,6.48
662,388404,43.161,6.577
663,388404,43.026,6.303
664,388394,43.427,6.832
665,388392,40.743,7.354
666,388390,41.045,7.646
667,388383,42.204,7.63
668,388383,42.09,7.702
669,388383,41.059,8.21
670,388377,41.908,7.163
671,388372,43.616,6.505
672,388370,43.659,6.388
673,388366,43.294,6.235
674,388366,44.205,6.11
675,388366,43.583,5.87
676,388364,42.033,6.366
677,388362,41.805,6.608
678,388362,42.284,6.637
679,388356,41.135,6.717
680,388354,39.995,7.517
681,388348,41.104,7.617
682,388336,41.871,7.931
683,388331,40.951,7.996
684,388331,41.835,7.99
685,388324,41.913,7.883
686,388324,41.466,8.291
687,388319,41.108,8.271
688,388317,41.459,7.531
689,388314,40.949,7.866
690,388312,41.52,7.914
691,388301,42.037,7.697
692,388296,43.035,7.13
693,388292,43.368,7.194
694,388287,42.715,6.667
695,388287,42.611,7.229
696,388283,41.795,7.662
697,388278,38.709,9.859
698,388275,32.962,11.18
699,388272,30.325,11.423
700,388262,34.031,11.499
701,388262,34.95,11.267
702,388257,32.521,10.916
703,388245,35.457,10.476
704,388245,36.953,10.319
705,388238,36.694,10.137
706,388231,35.798,9.765
707,388231,39.294,7.557
708,388231,39.731,7.86
709,388225,38.82,7.85
710,388225,39.121,8.495
711,388225,36.821,9.147
712,388225,35.619,9.777
713,388223,37.59,9.719
714,388223,37.711,9.629
715,388218,36.67,9.452
716,388207,40.275,7.883
717,388205,42.179,7.462
718,388202,42.049,7.515
719,388199,40.99,7.162
720,388199,40.794,6.803
721,388195,42.167,6.702
722,388193,42.118,6.625
723,388193,41.78,6.848
724,388188,42.108,6.309
725,388188,42.472,7.064
726,388188,42.367,7.071
727,388186,40.436,7.91
728,388184,40.233,8.183
729,388182,39.778,8.391
730,388177,39.13,8.877
731,388175,39.14,8.724
732,388173,39.075,8.321
733,388169,40.975,7.894
734,388165,40.496,7.841
735,388162,39.173,8.421
736,388160,39.469,8.587
737,388160,39.615,8.687
738,388160,37.524,9.406
739,388160,35.972,10.317
740,388158,37.274,10.483
741,388156,36.792,10.57
742,388151,36.212,10.154
743,388146,39.754,9.679
744,388139,40.252,8.948
745,388135,40.853,8.77
746,388128,41.397,8.407
747,388126,40.881,8.118
748,388117,41.246,8.273
749,388117,41.381,8.007
750,388115,39.448,7.504
751,388109,38.618,7.726
752,388109,39.91,7.199
753,388104,40.137,7.176
754,388101,38.638,6.547
755,388096,38.392,7.152
756,388093,38.895,7.411
757,388084,38.401,7.167
758,388080,39.398,7.346
759,388080,38.619,7.179
760,388068,40.418,9.182
761,388064,40.062,9.162
762,388064,40.379,9.486
763,388055,39.493,9.641
764,388051,36.421,10.782
765,388051,37.576,10.366
766,388044,38.036,10.39
767,388044,38.322,9.964
768,388039,40.777,7.638
769,388037,40.439,8.879
770,388037,40.594,8.834
771,388035,40.493,8.588
772,388029,40.444,8.078
773,388029,40.557,8.066
774,388027,41.326,7.872
775,388018,40.997,7.777
776,388015,41.902,7.302
777,388010,42.797,6.829
778,388003,42.168,6.821
779,388003,41.988,6.25
780,388000,41.322,6.394
781,388000,41.149,6.609
782,387998,41.302,6.462
783,387998,41.12,6.37
784,387993,42.441,6.71
785,387991,42.254,6.686
786,387989,42.103,6.763
787,387989,42.285,7.032
788,387989,41.401,7.453
789,387984,42.473,6.44
790,387977,42.588,6.449
791,387977,43.567,6.09
792,387974,43.369,5.852
793,387967,44.407,5.28
794,387967,44.146,5.99
795,387964,43.632,6.57
796,387959,42.99,6.941
797,387957,42.407,7.575
798,387955,39.924,8.12
799,387951,39.302,8.99
800,387951,38.48,9.219
801,387946,39.295,8.994
802,387932,39.21,8.909
803,387930,39.699,8.705
804,387930,39.983,8.423
805,387923,41.773,7.332
806,387920,41.616,7.43
807,387918,42.491,7.555
808,387914,42.1,7.498
809,387910,42.168,7.454
810,387905,42.379,7.575
811,387897,40.421,8.428
812,387897,40.306,8.484
813,387895,40.31,8.358
814,387893,40.165,8.318
815,387891,39.545,7.908
816,387891,42.863,6.887
817,387880,42.811,6.721
818,387880,42.773,6.885
819,387877,43.513,6.589
820,387875,40.331,8.76
821,387871,39.603,9.304
822,387868,38.408,9.739
823,387866,38.193,9.511
824,387866,36.799,9.165
825,387866,39.133,8.633
826,387864,38.474,8.392
827,387864,38.944,8.279
828,387859,39.362,7.896
829,387856,41.348,7.457
830,387851,40.454,8.319
831,387851,36.671,8.626
832,387851,37.92,9.165
833,387851,36.855,8.979
834,387849,37.648,9.367
835,387842,40.273,8.165
836,387839,40.839,8.175
837,387836,39.927,8.449
838,387831,40.123,8.661
839,387828,39.656,8.589
840,387823,36.716,10.04
841,387815,37.097,10.474
842,387812,36.407,9.771
843,387807,37.639,10.121
844,387803,37.398,9.83
845,387803,38.483,9.017
846,387799,39.374,7.373
847,387793,41.037,6.901
848,387791,39.918,7.386
849,387789,39.11,7.616
850,387789,40.388,7.338
851,387787,41.198,7.822
852,387787,40.214,7.669
853,387785,39.79,8.055
854,387783,41.089,8.017
855,387780,41.192,8.3
856,387780,41.082,8.153
857,387780,40.206,8.99
858,387780,40.506,8.758
859,387775,40.433,8.596
860,387773,40.823,8.966
861,387770,40.884,8.875
862,387761,40.19,8.301
863,387759,42.106,7.885
864,387756,41.788,7.962
865,387756,41.152,8.01
866,387754,39.967,8.933
867,387751,40.171,8.747
868,387748,40.482,8.633
869,387748,41.991,8.362
870,387746,42.187,7.839
871,387741,43.191,6.449
872,387741,42.998,6.584
873,387741,43.148,6.698
874,387738,43.165,6.698
875,387738,42.012,6.619
876,387736,42.486,6.878
877,387734,43.539,5.926
878,387732,42.344,6.108
879,387729,41.128,7.388
880,387727,41.499,7.872
881,387725,39.809,7.651
882,387725,39.683,9.415
883,387723,38.359,9.676
884,387719,38.905,10.91
885,387719,39.631,10.624
886,387715,39.632,8.946
887,387715,40.243,8.504
888,387712,39.178,8.659
889,387708,43.347,6.404
890,387704,43.841,5.417
891,387702,43.848,5.547
892,387702,43.418,6.168
893,387697,42.536,6.234
894,387697,42.378,6.196
895,387695,42.908,6.294
896,387693,42.741,6.23
897,387693,41.373,6.205
898,387588,41.825,6.38
899,387584,41.852,6.393
900,387578,41.51,6.398
901,381793,40.965,6.231
902,378449,42.758,6.555
903,378442,42.565,6.167
904,3108,41.433,6.383
905,1339,42.007,6.746
906,1339,42.113,6.389
907,10,43.4,5.147
908,10,44.9,3.479
909,10,45.0,4.69
