Haplotype,Reads,Mutations_vs_HT1
HT-1,222829,0
HT-2,8559,1
HT-3,4973,1
HT-4,3665,3
HT-5,3560,1
HT-6,3285,1
HT-7,3204,1
HT-8,2419,1
HT-9,2279,1
HT-10,2045,2
HT-11,1950,1
HT-12,1473,1
HT-13,1411,1
HT-14,1245,1
HT-15,1153,1
HT-16,1116,1
HT-17,1108,1
HT-18,1100,1
HT-19,1071,1
HT-20,1005,1
HT-21,958,1
HT-22,921,1
HT-23,869,1
HT-24,841,2
HT-25,817,1
HT-26,809,1
HT-27,794,1
HT-28,781,2
HT-29,761,3
HT-30,725,1
HT-31,716,1
HT-32,715,1
HT-33,694,1
HT-34,673,1
HT-35,663,2
HT-36,643,1
HT-37,627,1
HT-38,614,1
HT-39,611,2
HT-40,609,1
HT-41,602,1
HT-42,555,1
HT-43,553,1
HT-44,550,1
HT-45,542,1
HT-46,538,1
HT-47,538,2
HT-48,534,0
HT-49,527,1
HT-50,525,1
HT-51,524,1
HT-52,512,4
HT-53,470,1
HT-54,462,1
HT-55,431,2
HT-56,428,1
HT-57,420,1
HT-58,416,1
HT-59,414,3
HT-60,409,1
HT-61,404,1
HT-62,401,1
HT-63,398,3
HT-64,392,3
HT-65,387,1
HT-66,383,1
HT-67,378,1
HT-68,377,1
HT-69,374,1
HT-70,372,1
HT-71,368,1
HT-72,366,4
HT-73,360,2
HT-74,360,1
HT-75,352,1
HT-76,351,1
HT-77,344,4
HT-78,341,1
HT-79,337,1
HT-80,329,1
HT-81,329,2
HT-82,325,3
HT-83,305,1
HT-84,303,2
HT-85,297,1
HT-86,294,1
HT-87,291,2
HT-88,291,4
HT-89,290,0
HT-90,288,2
HT-91,285,1
HT-92,285,1
HT-93,284,1
HT-94,281,1
HT-95,276,1
HT-96,273,1
HT-97,269,1
HT-98,265,2
HT-99,262,2
HT-100,258,1
HT-101,249,1
HT-102,248,2
HT-103,242,2
HT-104,242,1
HT-105,239,3
HT-106,234,1
HT-107,234,1
HT-108,234,1
HT-109,233,2
HT-110,232,1
HT-111,229,1
HT-112,228,1
HT-113,228,1
HT-114,227,1
HT-115,225,1
HT-116,224,1
HT-117,221,2
HT-118,216,2
HT-119,208,2
HT-120,206,1
HT-121,205,1
HT-122,203,1
HT-123,202,1
HT-124,201,1
HT-125,199,1
HT-126,197,1
HT-127,196,1
HT-128,195,1
HT-129,191,1
HT-130,191,3
HT-131,188,5
HT-132,188,1
HT-133,188,1
HT-134,186,1
HT-135,185,1
HT-136,183,1
HT-137,183,2
HT-138,180,1
HT-139,178,1
HT-140,177,1
HT-141,175,1
HT-142,172,1
HT-143,170,1
HT-144,170,1
HT-145,169,1
HT-146,167,1
HT-147,165,1
HT-148,164,1
HT-149,164,1
HT-150,163,1
HT-151,163,2
HT-152,163,1
HT-153,162,1
HT-154,162,2
HT-155,161,1
HT-156,161,1
HT-157,160,4
HT-158,160,1
HT-159,159,1
HT-160,158,1
HT-161,156,1
HT-162,154,1
HT-163,153,1
HT-164,152,2
HT-165,151,1
HT-166,148,1
HT-167,148,2
HT-168,147,1
HT-169,147,4
HT-170,145,1
HT-171,144,2
HT-172,143,1
HT-173,143,3
HT-174,142,1
HT-175,142,1
HT-176,141,1
HT-177,141,2
HT-178,141,2
HT-179,140,2
HT-180,140,1
HT-181,138,1
HT-182,138,3
HT-183,136,1
HT-184,136,1
HT-185,135,1
HT-186,135,1
HT-187,133,2
HT-188,132,1
HT-189,131,2
HT-190,130,1
HT-191,130,1
HT-192,129,1
HT-193,128,1
HT-194,127,1
HT-195,127,3
HT-196,126,1
HT-197,125,1
HT-198,124,1
HT-199,124,1
HT-200,124,3
HT-201,123,2
HT-202,122,1
HT-203,122,1
HT-204,121,1
HT-205,121,5
HT-206,118,2
HT-207,118,1
HT-208,118,1
HT-209,118,1
HT-210,117,2
HT-211,117,1
HT-212,116,4
HT-213,116,1
HT-214,116,1
HT-215,115,1
HT-216,115,2
HT-217,115,1
HT-218,114,1
HT-219,114,1
HT-220,114,4
HT-221,114,3
HT-222,113,1
HT-223,111,1
HT-224,110,1
HT-225,109,1
HT-226,109,1
HT-227,109,1
HT-228,107,1
HT-229,107,1
HT-230,107,1
HT-231,106,2
HT-232,106,1
HT-233,106,3
HT-234,106,1
HT-235,105,1
HT-236,105,1
HT-237,105,6
HT-238,104,1
HT-239,104,1
HT-240,104,1
HT-241,104,2
HT-242,103,0
HT-243,103,1
HT-244,103,1
HT-245,103,2
HT-246,102,2
HT-247,101,2
HT-248,101,1
HT-249,101,1
HT-250,101,1
HT-251,101,4
HT-252,101,2
HT-253,101,2
HT-254,100,1
HT-255,100,1
HT-256,100,2
HT-257,100,2
HT-258,100,2
HT-259,99,1
HT-260,98,1
HT-261,98,1
HT-262,97,1
HT-263,97,1
HT-264,97,2
HT-265,97,1
HT-266,96,1
HT-267,96,3
HT-268,96,1
HT-269,95,1
HT-270,95,1
HT-271,94,1
HT-272,93,1
HT-273,93,1
HT-274,93,1
HT-275,93,3
HT-276,93,1
HT-277,92,2
HT-278,92,1
HT-279,92,2
HT-280,91,1
HT-281,91,1
HT-282,91,1
HT-283,90,1
HT-284,90,1
HT-285,90,1
HT-286,89,1
HT-287,89,1
HT-288,89,2
HT-289,88,1
HT-290,88,3
HT-291,88,2
HT-292,88,3
HT-293,87,2
HT-294,87,2
HT-295,87,1
HT-296,87,3
HT-297,86,1
HT-298,86,1
HT-299,86,1
HT-300,85,2
HT-301,85,1
HT-302,85,1
HT-303,84,6
HT-304,84,3
HT-305,84,3
HT-306,83,4
HT-307,83,1
HT-308,82,1
HT-309,82,1
HT-310,82,1
HT-311,82,1
HT-312,82,3
HT-313,81,1
HT-314,81,2
HT-315,81,1
HT-316,81,1
HT-317,80,2
HT-318,80,4
HT-319,80,2
HT-320,79,2
HT-321,79,1
HT-322,79,1
HT-323,79,1
HT-324,79,1
HT-325,78,1
HT-326,78,1
HT-327,77,2
HT-328,77,1
HT-329,76,3
HT-330,76,5
HT-331,76,1
HT-332,75,1
HT-333,75,1
HT-334,75,3
HT-335,75,3
HT-336,74,4
HT-337,74,1
HT-338,74,2
HT-339,74,1
HT-340,74,2
HT-341,74,1
HT-342,74,1
HT-343,73,4
HT-344,73,1
HT-345,73,7
HT-346,73,1
HT-347,72,2
HT-348,72,5
HT-349,72,2
HT-350,71,1
HT-351,71,2
HT-352,71,2
HT-353,71,1
HT-354,71,1
HT-355,71,1
HT-356,70,1
HT-357,70,1
HT-358,70,1
HT-359,70,1
HT-360,70,1
HT-361,69,2
HT-362,69,1
HT-363,69,1
HT-364,69,1
HT-365,69,2
HT-366,69,1
HT-367,69,1
HT-368,68,2
HT-369,68,4
HT-370,68,1
HT-371,68,4
HT-372,67,3
HT-373,67,1
HT-374,67,1
HT-375,67,3
HT-376,67,1
HT-377,67,1
HT-378,67,1
HT-379,67,1
HT-380,67,3
HT-381,67,1
HT-382,66,1
HT-383,66,1
HT-384,66,1
HT-385,66,2
HT-386,66,1
HT-387,66,1
HT-388,66,3
HT-389,65,1
HT-390,65,1
HT-391,65,1
HT-392,65,3
HT-393,64,2
HT-394,64,2
HT-395,63,2
HT-396,63,3
HT-397,63,1
HT-398,63,4
HT-399,63,1
HT-400,63,5
HT-401,63,1
HT-402,63,2
HT-403,63,2
HT-404,62,1
HT-405,62,2
HT-406,61,3
HT-407,61,1
HT-408,61,1
HT-409,61,3
HT-410,61,1
HT-411,61,3
HT-412,61,1
HT-413,61,2
HT-414,60,1
HT-415,60,1
HT-416,60,3
HT-417,60,1
HT-418,60,3
HT-419,59,1
HT-420,59,1
HT-421,59,3
HT-422,59,1
HT-423,59,1
HT-424,59,2
HT-425,58,1
HT-426,58,1
HT-427,58,1
HT-428,58,5
HT-429,58,1
HT-430,58,1
HT-431,58,1
HT-432,58,2
HT-433,58,1
HT-434,57,1
HT-435,57,3
HT-436,57,1
HT-437,57,1
HT-438,57,2
HT-439,57,3
HT-440,56,1
HT-441,56,2
HT-442,56,2
HT-443,56,2
HT-444,55,3
HT-445,55,2
HT-446,55,2
HT-447,55,1
HT-448,55,1
HT-449,55,2
HT-450,54,2
HT-451,54,3
HT-452,54,4
HT-453,54,2
HT-454,54,1
HT-455,54,1
HT-456,54,1
HT-457,53,1
HT-458,53,2
HT-459,53,1
HT-460,53,2
HT-461,53,2
HT-462,52,1
HT-463,52,2
HT-464,52,4
HT-465,51,1
HT-466,51,3
HT-467,51,1
HT-468,51,1
HT-469,51,4
HT-470,51,1
HT-471,51,1
HT-472,51,2
HT-473,51,2
HT-474,51,1
HT-475,51,2
HT-476,51,1
HT-477,51,1
HT-478,51,3
HT-479,50,1
HT-480,50,4
HT-481,50,2
HT-482,50,1
HT-483,50,1
HT-484,50,1
HT-485,49,2
HT-486,49,1
HT-487,49,2
HT-488,49,1
HT-489,49,1
HT-490,49,2
HT-491,49,1
HT-492,49,3
HT-493,48,1
HT-494,48,1
HT-495,48,2
HT-496,48,3
HT-497,48,1
HT-498,48,1
HT-499,48,4
HT-500,48,1
HT-501,48,4
HT-502,48,2
HT-503,48,1
HT-504,48,1
HT-505,48,2
HT-506,47,3
HT-507,47,1
HT-508,47,2
HT-509,47,2
HT-510,47,1
HT-511,47,1
HT-512,47,2
HT-513,47,3
HT-514,47,2
HT-515,47,1
HT-516,46,1
HT-517,46,1
HT-518,46,4
HT-519,46,3
HT-520,46,1
HT-521,46,1
HT-522,46,5
HT-523,45,2
HT-524,45,4
HT-525,45,2
HT-526,45,3
HT-527,45,1
HT-528,45,5
HT-529,45,1
HT-530,45,2
HT-531,45,1
HT-532,45,1
HT-533,45,1
HT-534,45,1
HT-535,44,1
HT-536,44,3
HT-537,44,1
HT-538,44,2
HT-539,44,4
HT-540,44,3
HT-541,44,2
HT-542,44,2
HT-543,44,3
HT-544,44,2
HT-545,44,1
HT-546,44,2
HT-547,43,1
HT-548,43,5
HT-549,43,1
HT-550,43,1
HT-551,43,1
HT-552,43,1
HT-553,43,3
HT-554,43,1
HT-555,43,1
HT-556,42,2
HT-557,42,1
HT-558,42,1
HT-559,42,2
HT-560,42,4
HT-561,42,1
HT-562,42,1
HT-563,42,1
HT-564,42,1
HT-565,42,1
HT-566,42,1
HT-567,41,1
HT-568,41,2
HT-569,41,2
HT-570,41,3
HT-571,41,1
HT-572,41,1
HT-573,41,1
HT-574,41,1
HT-575,41,1
HT-576,41,1
HT-577,41,3
HT-578,40,2
HT-579,40,1
HT-580,40,1
HT-581,40,1
HT-582,40,2
HT-583,40,1
HT-584,40,2
HT-585,40,2
HT-586,40,4
HT-587,40,1
HT-588,40,1
HT-589,40,2
HT-590,40,1
HT-591,40,2
HT-592,40,1
HT-593,40,1
HT-594,40,1
HT-595,40,1
HT-596,40,2
HT-597,39,2
HT-598,39,3
HT-599,39,2
HT-600,39,2
HT-601,39,3
HT-602,39,3
HT-603,39,2
HT-604,39,1
HT-605,39,1
HT-606,39,1
HT-607,39,1
HT-608,39,1
HT-609,39,4
HT-610,38,3
HT-611,38,1
HT-612,38,1
HT-613,38,1
HT-614,38,2
HT-615,38,4
HT-616,38,1
HT-617,38,3
HT-618,38,2
HT-619,38,3
HT-620,38,1
HT-621,38,1
HT-622,38,4
HT-623,38,1
HT-624,38,2
HT-625,38,1
HT-626,38,1
HT-627,38,1
HT-628,38,1
HT-629,38,1
HT-630,38,1
HT-631,38,2
HT-632,37,3
HT-633,37,1
HT-634,37,1
HT-635,37,4
HT-636,37,2
HT-637,37,1
HT-638,37,5
HT-639,37,1
HT-640,37,3
HT-641,37,1
HT-642,37,2
HT-643,37,1
HT-644,37,3
HT-645,37,2
HT-646,37,2
HT-647,36,1
HT-648,36,2
HT-649,36,1
HT-650,36,1
HT-651,36,1
HT-652,36,1
HT-653,36,2
HT-654,36,1
HT-655,36,1
HT-656,36,4
HT-657,36,1
HT-658,36,3
HT-659,36,3
HT-660,36,2
HT-661,36,2
HT-662,36,2
HT-663,36,4
HT-664,36,1
HT-665,36,4
HT-666,36,1
HT-667,35,1
HT-668,35,1
HT-669,35,2
HT-670,35,1
HT-671,35,2
HT-672,35,3
HT-673,35,1
HT-674,35,2
HT-675,35,3
HT-676,35,1
HT-677,35,2
HT-678,35,1
HT-679,35,2
HT-680,35,2
HT-681,35,1
HT-682,35,2
HT-683,35,2
HT-684,35,1
HT-685,35,2
HT-686,35,1
HT-687,35,2
HT-688,35,2
HT-689,34,1
HT-690,34,1
HT-691,34,2
HT-692,34,1
HT-693,34,1
HT-694,34,1
HT-695,34,1
HT-696,34,2
HT-697,34,1
HT-698,34,2
HT-699,34,1
HT-700,34,1
HT-701,34,3
HT-702,34,1
HT-703,34,2
HT-704,33,1
HT-705,33,3
HT-706,33,6
HT-707,33,3
HT-708,33,6
HT-709,33,2
HT-710,33,6
HT-711,33,1
HT-712,33,2
HT-713,33,1
HT-714,33,2
HT-715,33,1
HT-716,33,4
HT-717,33,5
HT-718,33,1
HT-719,33,1
HT-720,33,3
HT-721,33,3
HT-722,33,2
HT-723,33,1
HT-724,33,2
HT-725,33,2
HT-726,33,1
HT-727,32,2
HT-728,32,1
HT-729,32,1
HT-730,32,1
HT-731,32,1
HT-732,32,4
HT-733,32,2
HT-734,32,1
HT-735,32,2
HT-736,32,1
HT-737,32,2
HT-738,32,3
HT-739,32,1
HT-740,32,2
HT-741,32,2
HT-742,32,2
HT-743,32,3
HT-744,32,1
HT-745,32,3
HT-746,32,9
HT-747,32,2
HT-748,32,1
HT-749,32,1
HT-750,32,4
HT-751,31,2
HT-752,31,1
HT-753,31,1
HT-754,31,1
HT-755,31,1
HT-756,31,2
HT-757,31,3
HT-758,31,2
HT-759,31,1
HT-760,31,4
HT-761,31,1
HT-762,31,1
HT-763,31,1
HT-764,31,1
HT-765,31,3
HT-766,31,1
HT-767,31,1
HT-768,31,1
HT-769,31,2
HT-770,31,4
HT-771,31,2
HT-772,31,2
HT-773,31,3
HT-774,30,2
HT-775,30,2
HT-776,30,1
HT-777,30,2
HT-778,30,4
HT-779,30,3
HT-780,30,1
HT-781,30,2
HT-782,30,1
HT-783,30,3
HT-784,30,2
HT-785,30,3
HT-786,30,4
HT-787,30,1
HT-788,30,2
HT-789,30,1
HT-790,30,1
HT-791,30,2
HT-792,30,2
HT-793,30,1
HT-794,30,1
HT-795,30,1
HT-796,30,5
HT-797,30,2
HT-798,30,6
HT-799,30,1
HT-800,30,2
HT-801,30,1
HT-802,30,1
HT-803,30,3
HT-804,30,1
HT-805,30,2
HT-806,30,1
HT-807,30,2
HT-808,29,1
HT-809,29,2
HT-810,29,3
HT-811,29,2
HT-812,29,3
HT-813,29,2
HT-814,29,1
HT-815,29,2
HT-816,29,2
HT-817,29,1
HT-818,29,4
HT-819,29,2
HT-820,29,3
HT-821,29,4
HT-822,29,3
HT-823,29,1
HT-824,29,3
HT-825,29,1
HT-826,29,2
HT-827,29,1
HT-828,29,3
HT-829,29,5
HT-830,29,2
HT-831,29,2
HT-832,29,3
HT-833,29,3
HT-834,29,2
HT-835,29,11
HT-836,29,4
HT-837,29,2
HT-838,28,4
HT-839,28,1
HT-840,28,2
HT-841,28,2
HT-842,28,1
HT-843,28,2
HT-844,28,3
HT-845,28,2
HT-846,28,2
HT-847,28,1
HT-848,28,3
HT-849,28,1
HT-850,28,1
HT-851,28,1
HT-852,28,2
HT-853,28,3
HT-854,28,1
HT-855,28,2
HT-856,28,1
HT-857,28,1
HT-858,28,2
HT-859,28,3
HT-860,28,3
HT-861,28,1
HT-862,28,2
HT-863,28,1
HT-864,28,3
HT-865,28,1
HT-866,28,2
HT-867,28,4
HT-868,28,2
HT-869,28,2
HT-870,28,1
HT-871,28,2
HT-872,28,3
HT-873,28,2
HT-874,28,3
HT-875,27,1
HT-876,27,5
HT-877,27,2
HT-878,27,1
HT-879,27,2
HT-880,27,1
HT-881,27,3
HT-882,27,2
HT-883,27,1
HT-884,27,2
HT-885,27,1
HT-886,27,2
HT-887,27,1
HT-888,27,1
HT-889,27,4
HT-890,27,1
HT-891,27,1
HT-892,27,2
HT-893,27,1
HT-894,27,2
HT-895,27,1
HT-896,27,2
HT-897,27,1
HT-898,27,6
HT-899,27,1
HT-900,27,2
HT-901,27,2
HT-902,27,1
HT-903,27,2
HT-904,27,2
HT-905,27,3
HT-906,26,1
HT-907,26,7
HT-908,26,3
HT-909,26,2
HT-910,26,1
HT-911,26,1
HT-912,26,2
HT-913,26,1
HT-914,26,1
HT-915,26,3
HT-916,26,4
HT-917,26,1
HT-918,26,6
HT-919,26,3
HT-920,26,2
HT-921,26,2
HT-922,26,1
HT-923,26,1
HT-924,26,3
HT-925,26,4
HT-926,26,1
HT-927,26,2
HT-928,26,1
HT-929,26,1
HT-930,26,2
HT-931,26,2
HT-932,26,1
HT-933,26,2
HT-934,26,1
HT-935,26,4
HT-936,26,1
HT-937,26,1
HT-938,26,2
HT-939,26,1
HT-940,26,1
HT-941,26,2
HT-942,26,3
HT-943,26,1
HT-944,26,2
HT-945,26,3
HT-946,26,1
HT-947,26,5
HT-948,26,1
HT-949,26,1
HT-950,26,3
HT-951,26,1
HT-952,26,1
HT-953,26,2
HT-954,25,1
HT-955,25,5
HT-956,25,2
HT-957,25,1
HT-958,25,3
HT-959,25,4
HT-960,25,4
HT-961,25,2
HT-962,25,3
HT-963,25,1
HT-964,25,4
HT-965,25,1
HT-966,25,3
HT-967,25,2
HT-968,25,3
HT-969,25,1
HT-970,25,1
HT-971,25,4
HT-972,25,1
HT-973,25,1
HT-974,25,3
HT-975,25,1
HT-976,25,1
HT-977,25,1
HT-978,25,1
HT-979,25,4
HT-980,25,2
HT-981,25,3
HT-982,25,1
HT-983,25,2
HT-984,25,2
HT-985,25,4
HT-986,25,2
HT-987,25,4
HT-988,25,2
HT-989,25,3
HT-990,25,1
HT-991,25,2
HT-992,24,1
HT-993,24,1
HT-994,24,1
HT-995,24,2
HT-996,24,2
HT-997,24,1
HT-998,24,1
HT-999,24,1
HT-1000,24,2
HT-1001,24,1
HT-1002,24,1
HT-1003,24,2
HT-1004,24,2
HT-1005,24,1
HT-1006,24,1
HT-1007,24,4
HT-1008,24,2
HT-1009,24,1
HT-1010,24,1
HT-1011,24,2
HT-1012,24,1
HT-1013,24,3
HT-1014,24,1
HT-1015,24,2
HT-1016,24,1
HT-1017,24,5
HT-1018,24,7
HT-1019,24,2
HT-1020,24,2
HT-1021,24,2
HT-1022,24,2
HT-1023,24,2
HT-1024,24,1
HT-1025,23,1
HT-1026,23,1
HT-1027,23,6
HT-1028,23,2
HT-1029,23,4
HT-1030,23,2
HT-1031,23,2
HT-1032,23,1
HT-1033,23,1
HT-1034,23,3
HT-1035,23,2
HT-1036,23,1
HT-1037,23,1
HT-1038,23,4
HT-1039,23,1
HT-1040,23,2
HT-1041,23,1
HT-1042,23,1
HT-1043,23,3
HT-1044,23,1
HT-1045,23,2
HT-1046,23,4
HT-1047,23,2
HT-1048,23,3
HT-1049,23,1
HT-1050,23,2
HT-1051,23,4
HT-1052,23,1
HT-1053,23,2
HT-1054,23,1
HT-1055,23,1
HT-1056,23,3
HT-1057,23,1
HT-1058,23,2
HT-1059,23,4
HT-1060,23,5
HT-1061,23,3
HT-1062,23,1
HT-1063,23,1
HT-1064,23,2
HT-1065,23,4
HT-1066,23,3
HT-1067,23,4
HT-1068,23,3
HT-1069,22,1
HT-1070,22,1
HT-1071,22,2
HT-1072,22,3
HT-1073,22,1
HT-1074,22,3
HT-1075,22,2
HT-1076,22,1
HT-1077,22,2
HT-1078,22,3
HT-1079,22,3
HT-1080,22,3
HT-1081,22,1
HT-1082,22,2
HT-1083,22,4
HT-1084,22,2
HT-1085,22,4
HT-1086,22,6
HT-1087,22,2
HT-1088,22,3
HT-1089,22,3
HT-1090,22,1
HT-1091,22,2
HT-1092,22,1
HT-1093,22,2
HT-1094,22,3
HT-1095,22,4
HT-1096,22,2
HT-1097,22,3
HT-1098,22,1
HT-1099,22,6
HT-1100,22,3
HT-1101,22,3
HT-1102,22,1
HT-1103,22,1
HT-1104,22,2
HT-1105,22,3
HT-1106,22,2
HT-1107,22,3
HT-1108,22,1
HT-1109,22,1
HT-1110,22,3
HT-1111,22,2
HT-1112,22,3
HT-1113,22,2
HT-1114,22,5
HT-1115,22,2
HT-1116,22,1
HT-1117,22,1
HT-1118,22,5
HT-1119,21,1
HT-1120,21,2
HT-1121,21,2
HT-1122,21,3
HT-1123,21,2
HT-1124,21,1
HT-1125,21,1
HT-1126,21,1
HT-1127,21,2
HT-1128,21,1
HT-1129,21,4
HT-1130,21,2
HT-1131,21,3
HT-1132,21,2
HT-1133,21,3
HT-1134,21,2
HT-1135,21,1
HT-1136,21,2
HT-1137,21,1
HT-1138,21,9
HT-1139,21,2
HT-1140,21,1
HT-1141,21,1
HT-1142,21,7
HT-1143,21,1
HT-1144,21,1
HT-1145,21,2
HT-1146,21,1
HT-1147,21,2
HT-1148,21,3
HT-1149,21,3
HT-1150,21,1
HT-1151,21,2
HT-1152,21,2
HT-1153,21,2
HT-1154,21,1
HT-1155,21,3
HT-1156,21,1
HT-1157,21,2
HT-1158,20,2
HT-1159,20,3
HT-1160,20,1
HT-1161,20,1
HT-1162,20,2
HT-1163,20,2
HT-1164,20,2
HT-1165,20,3
HT-1166,20,3
HT-1167,20,1
HT-1168,20,4
HT-1169,20,1
HT-1170,20,1
HT-1171,20,5
HT-1172,20,2
HT-1173,20,3
HT-1174,20,2
HT-1175,20,1
HT-1176,20,1
HT-1177,20,1
HT-1178,20,1
HT-1179,20,1
HT-1180,20,4
HT-1181,20,3
HT-1182,20,1
HT-1183,20,1
HT-1184,20,1
HT-1185,20,2
HT-1186,20,1
HT-1187,20,2
HT-1188,20,4
HT-1189,20,2
HT-1190,20,3
HT-1191,20,4
HT-1192,20,2
HT-1193,20,2
HT-1194,20,2
HT-1195,20,3
HT-1196,20,2
HT-1197,20,2
HT-1198,20,2
HT-1199,20,1
HT-1200,20,1
HT-1201,20,3
HT-1202,20,3
HT-1203,20,4
HT-1204,20,2
HT-1205,20,4
HT-1206,20,1
HT-1207,20,1
HT-1208,20,2
HT-1209,20,2
HT-1210,20,2
