Haplotype,Reads,Percent
HT-1,257100,65.8619
HT-2,9420,2.4131
HT-3,5950,1.5242
HT-4,4100,1.0503
HT-5,3605,0.9235
HT-6,2776,0.7111
HT-7,2444,0.6261
HT-8,2300,0.5892
HT-9,1639,0.4199
HT-10,1369,0.3507
HT-11,1284,0.3289
HT-12,1264,0.3238
HT-13,1254,0.3212
HT-14,1226,0.3141
HT-15,1202,0.3079
HT-16,1193,0.3056
HT-17,1165,0.2984
HT-18,1083,0.2774
HT-19,1005,0.2575
HT-20,999,0.2559
HT-21,957,0.2452
HT-22,932,0.2388
HT-23,902,0.2311
HT-24,838,0.2147
HT-25,815,0.2088
HT-26,794,0.2034
HT-27,778,0.1993
HT-28,717,0.1837
HT-29,703,0.1801
HT-30,699,0.1791
HT-31,693,0.1775
HT-32,687,0.176
HT-33,687,0.176
HT-34,680,0.1742
HT-35,625,0.1601
HT-36,610,0.1563
HT-37,605,0.155
HT-38,605,0.155
HT-39,593,0.1519
HT-40,592,0.1517
HT-41,590,0.1511
HT-42,583,0.1493
HT-43,476,0.1219
HT-44,467,0.1196
HT-45,465,0.1191
HT-46,461,0.1181
HT-47,460,0.1178
HT-48,457,0.1171
HT-49,450,0.1153
HT-50,445,0.114
HT-51,434,0.1112
HT-52,432,0.1107
HT-53,431,0.1104
HT-54,424,0.1086
HT-55,417,0.1068
HT-56,417,0.1068
HT-57,415,0.1063
HT-58,401,0.1027
HT-59,390,0.0999
HT-60,386,0.0989
HT-61,384,0.0984
HT-62,383,0.0981
HT-63,375,0.0961
HT-64,368,0.0943
HT-65,366,0.0938
HT-66,364,0.0932
HT-67,363,0.093
HT-68,357,0.0915
HT-69,345,0.0884
HT-70,338,0.0866
HT-71,334,0.0856
HT-72,325,0.0833
HT-73,311,0.0797
HT-74,308,0.0789
HT-75,304,0.0779
HT-76,303,0.0776
HT-77,301,0.0771
HT-78,301,0.0771
HT-79,295,0.0756
HT-80,293,0.0751
HT-81,292,0.0748
HT-82,290,0.0743
HT-83,284,0.0728
HT-84,277,0.071
HT-85,277,0.071
HT-86,270,0.0692
HT-87,264,0.0676
HT-88,263,0.0674
HT-89,258,0.0661
HT-90,257,0.0658
HT-91,256,0.0656
HT-92,256,0.0656
HT-93,252,0.0646
HT-94,248,0.0635
HT-95,242,0.062
HT-96,240,0.0615
HT-97,234,0.0599
HT-98,232,0.0594
HT-99,231,0.0592
HT-100,230,0.0589
HT-101,226,0.0579
HT-102,226,0.0579
HT-103,224,0.0574
HT-104,222,0.0569
HT-105,222,0.0569
HT-106,221,0.0566
HT-107,219,0.0561
HT-108,217,0.0556
HT-109,216,0.0553
HT-110,213,0.0546
HT-111,212,0.0543
HT-112,208,0.0533
HT-113,208,0.0533
HT-114,205,0.0525
HT-115,203,0.052
HT-116,203,0.052
HT-117,203,0.052
HT-118,202,0.0517
HT-119,196,0.0502
HT-120,196,0.0502
HT-121,192,0.0492
HT-122,192,0.0492
HT-123,192,0.0492
HT-124,190,0.0487
HT-125,189,0.0484
HT-126,189,0.0484
HT-127,189,0.0484
HT-128,187,0.0479
HT-129,187,0.0479
HT-130,187,0.0479
HT-131,185,0.0474
HT-132,185,0.0474
HT-133,183,0.0469
HT-134,182,0.0466
HT-135,181,0.0464
HT-136,178,0.0456
HT-137,178,0.0456
HT-138,176,0.0451
HT-139,172,0.0441
HT-140,171,0.0438
HT-141,169,0.0433
HT-142,168,0.043
HT-143,167,0.0428
HT-144,167,0.0428
HT-145,166,0.0425
HT-146,165,0.0423
HT-147,161,0.0412
HT-148,161,0.0412
HT-149,160,0.041
HT-150,159,0.0407
HT-151,158,0.0405
HT-152,156,0.04
HT-153,156,0.04
HT-154,155,0.0397
HT-155,155,0.0397
HT-156,154,0.0395
HT-157,154,0.0395
HT-158,153,0.0392
HT-159,153,0.0392
HT-160,153,0.0392
HT-161,152,0.0389
HT-162,152,0.0389
HT-163,150,0.0384
HT-164,149,0.0382
HT-165,147,0.0377
HT-166,147,0.0377
HT-167,146,0.0374
HT-168,146,0.0374
HT-169,146,0.0374
HT-170,144,0.0369
HT-171,144,0.0369
HT-172,140,0.0359
HT-173,138,0.0354
HT-174,137,0.0351
HT-175,135,0.0346
HT-176,134,0.0343
HT-177,133,0.0341
HT-178,133,0.0341
HT-179,132,0.0338
HT-180,132,0.0338
HT-181,130,0.0333
HT-182,130,0.0333
HT-183,130,0.0333
HT-184,129,0.033
HT-185,128,0.0328
HT-186,128,0.0328
HT-187,128,0.0328
HT-188,128,0.0328
HT-189,126,0.0323
HT-190,126,0.0323
HT-191,124,0.0318
HT-192,124,0.0318
HT-193,124,0.0318
HT-194,123,0.0315
HT-195,123,0.0315
HT-196,120,0.0307
HT-197,120,0.0307
HT-198,120,0.0307
HT-199,119,0.0305
HT-200,119,0.0305
HT-201,118,0.0302
HT-202,118,0.0302
HT-203,117,0.03
HT-204,116,0.0297
HT-205,116,0.0297
HT-206,116,0.0297
HT-207,115,0.0295
HT-208,115,0.0295
HT-209,114,0.0292
HT-210,114,0.0292
HT-211,114,0.0292
HT-212,113,0.0289
HT-213,113,0.0289
HT-214,111,0.0284
HT-215,109,0.0279
HT-216,109,0.0279
HT-217,109,0.0279
HT-218,108,0.0277
HT-219,108,0.0277
HT-220,108,0.0277
HT-221,107,0.0274
HT-222,107,0.0274
HT-223,106,0.0272
HT-224,106,0.0272
HT-225,106,0.0272
HT-226,104,0.0266
HT-227,104,0.0266
HT-228,104,0.0266
HT-229,103,0.0264
HT-230,103,0.0264
HT-231,103,0.0264
HT-232,102,0.0261
HT-233,102,0.0261
HT-234,102,0.0261
HT-235,101,0.0259
HT-236,99,0.0254
HT-237,99,0.0254
HT-238,98,0.0251
HT-239,98,0.0251
HT-240,98,0.0251
HT-241,96,0.0246
HT-242,96,0.0246
HT-243,96,0.0246
HT-244,96,0.0246
HT-245,95,0.0243
HT-246,95,0.0243
HT-247,95,0.0243
HT-248,95,0.0243
HT-249,94,0.0241
HT-250,94,0.0241
HT-251,94,0.0241
HT-252,94,0.0241
HT-253,94,0.0241
HT-254,93,0.0238
HT-255,92,0.0236
HT-256,92,0.0236
HT-257,92,0.0236
HT-258,91,0.0233
HT-259,91,0.0233
HT-260,91,0.0233
HT-261,91,0.0233
HT-262,91,0.0233
HT-263,89,0.0228
HT-264,89,0.0228
HT-265,89,0.0228
HT-266,88,0.0225
HT-267,88,0.0225
HT-268,88,0.0225
HT-269,88,0.0225
HT-270,87,0.0223
HT-271,87,0.0223
HT-272,86,0.022
HT-273,86,0.022
HT-274,85,0.0218
HT-275,85,0.0218
HT-276,85,0.0218
HT-277,84,0.0215
HT-278,83,0.0213
HT-279,83,0.0213
HT-280,83,0.0213
HT-281,83,0.0213
HT-282,82,0.021
HT-283,82,0.021
HT-284,81,0.0207
HT-285,81,0.0207
HT-286,81,0.0207
HT-287,81,0.0207
HT-288,80,0.0205
HT-289,80,0.0205
HT-290,80,0.0205
HT-291,80,0.0205
HT-292,80,0.0205
HT-293,79,0.0202
HT-294,78,0.02
HT-295,78,0.02
HT-296,78,0.02
HT-297,78,0.02
HT-298,77,0.0197
HT-299,77,0.0197
HT-300,77,0.0197
HT-301,76,0.0195
HT-302,75,0.0192
HT-303,75,0.0192
HT-304,75,0.0192
HT-305,75,0.0192
HT-306,75,0.0192
HT-307,75,0.0192
HT-308,74,0.019
HT-309,74,0.019
HT-310,74,0.019
HT-311,74,0.019
HT-312,74,0.019
HT-313,74,0.019
HT-314,73,0.0187
HT-315,73,0.0187
HT-316,73,0.0187
HT-317,73,0.0187
HT-318,73,0.0187
HT-319,73,0.0187
HT-320,73,0.0187
HT-321,72,0.0184
HT-322,72,0.0184
HT-323,72,0.0184
HT-324,72,0.0184
HT-325,72,0.0184
HT-326,72,0.0184
HT-327,72,0.0184
HT-328,71,0.0182
HT-329,71,0.0182
HT-330,71,0.0182
HT-331,70,0.0179
HT-332,70,0.0179
HT-333,70,0.0179
HT-334,70,0.0179
HT-335,70,0.0179
HT-336,69,0.0177
HT-337,69,0.0177
HT-338,69,0.0177
HT-339,69,0.0177
HT-340,69,0.0177
HT-341,69,0.0177
HT-342,69,0.0177
HT-343,69,0.0177
HT-344,68,0.0174
HT-345,68,0.0174
HT-346,68,0.0174
HT-347,68,0.0174
HT-348,67,0.0172
HT-349,67,0.0172
HT-350,67,0.0172
HT-351,66,0.0169
HT-352,66,0.0169
HT-353,66,0.0169
HT-354,66,0.0169
HT-355,66,0.0169
HT-356,65,0.0167
HT-357,65,0.0167
HT-358,65,0.0167
HT-359,65,0.0167
HT-360,65,0.0167
HT-361,64,0.0164
HT-362,64,0.0164
HT-363,64,0.0164
HT-364,63,0.0161
HT-365,63,0.0161
HT-366,63,0.0161
HT-367,63,0.0161
HT-368,63,0.0161
HT-369,63,0.0161
HT-370,63,0.0161
HT-371,63,0.0161
HT-372,63,0.0161
HT-373,63,0.0161
HT-374,62,0.0159
HT-375,62,0.0159
HT-376,62,0.0159
HT-377,62,0.0159
HT-378,61,0.0156
HT-379,61,0.0156
HT-380,61,0.0156
HT-381,60,0.0154
HT-382,60,0.0154
HT-383,59,0.0151
HT-384,59,0.0151
HT-385,59,0.0151
HT-386,59,0.0151
HT-387,59,0.0151
HT-388,58,0.0149
HT-389,57,0.0146
HT-390,56,0.0143
HT-391,56,0.0143
HT-392,56,0.0143
HT-393,56,0.0143
HT-394,55,0.0141
HT-395,55,0.0141
HT-396,55,0.0141
HT-397,55,0.0141
HT-398,55,0.0141
HT-399,55,0.0141
HT-400,55,0.0141
HT-401,55,0.0141
HT-402,55,0.0141
HT-403,55,0.0141
HT-404,55,0.0141
HT-405,55,0.0141
HT-406,54,0.0138
HT-407,54,0.0138
HT-408,54,0.0138
HT-409,54,0.0138
HT-410,54,0.0138
HT-411,54,0.0138
HT-412,54,0.0138
HT-413,54,0.0138
HT-414,53,0.0136
HT-415,53,0.0136
HT-416,53,0.0136
HT-417,53,0.0136
HT-418,53,0.0136
HT-419,52,0.0133
HT-420,52,0.0133
HT-421,52,0.0133
HT-422,52,0.0133
HT-423,52,0.0133
HT-424,51,0.0131
HT-425,51,0.0131
HT-426,51,0.0131
HT-427,51,0.0131
HT-428,51,0.0131
HT-429,51,0.0131
HT-430,51,0.0131
HT-431,51,0.0131
HT-432,51,0.0131
HT-433,51,0.0131
HT-434,51,0.0131
HT-435,51,0.0131
HT-436,50,0.0128
HT-437,50,0.0128
HT-438,50,0.0128
HT-439,50,0.0128
HT-440,50,0.0128
HT-441,49,0.0126
HT-442,49,0.0126
HT-443,49,0.0126
HT-444,49,0.0126
HT-445,49,0.0126
HT-446,49,0.0126
HT-447,49,0.0126
HT-448,49,0.0126
HT-449,49,0.0126
HT-450,49,0.0126
HT-451,48,0.0123
HT-452,48,0.0123
HT-453,48,0.0123
HT-454,48,0.0123
HT-455,48,0.0123
HT-456,48,0.0123
HT-457,48,0.0123
HT-458,48,0.0123
HT-459,48,0.0123
HT-460,47,0.012
HT-461,47,0.012
HT-462,47,0.012
HT-463,47,0.012
HT-464,47,0.012
HT-465,47,0.012
HT-466,47,0.012
HT-467,47,0.012
HT-468,47,0.012
HT-469,47,0.012
HT-470,47,0.012
HT-471,47,0.012
HT-472,47,0.012
HT-473,46,0.0118
HT-474,46,0.0118
HT-475,46,0.0118
HT-476,46,0.0118
HT-477,46,0.0118
HT-478,46,0.0118
HT-479,46,0.0118
HT-480,45,0.0115
HT-481,45,0.0115
HT-482,45,0.0115
HT-483,45,0.0115
HT-484,45,0.0115
HT-485,45,0.0115
HT-486,45,0.0115
HT-487,44,0.0113
HT-488,44,0.0113
HT-489,44,0.0113
HT-490,44,0.0113
HT-491,44,0.0113
HT-492,44,0.0113
HT-493,43,0.011
HT-494,43,0.011
HT-495,43,0.011
HT-496,43,0.011
HT-497,43,0.011
HT-498,43,0.011
HT-499,43,0.011
HT-500,43,0.011
HT-501,42,0.0108
HT-502,42,0.0108
HT-503,42,0.0108
HT-504,42,0.0108
HT-505,42,0.0108
HT-506,42,0.0108
HT-507,42,0.0108
HT-508,42,0.0108
HT-509,42,0.0108
HT-510,42,0.0108
HT-511,42,0.0108
HT-512,42,0.0108
HT-513,42,0.0108
HT-514,42,0.0108
HT-515,42,0.0108
HT-516,41,0.0105
HT-517,41,0.0105
HT-518,41,0.0105
HT-519,41,0.0105
HT-520,41,0.0105
HT-521,41,0.0105
HT-522,41,0.0105
HT-523,41,0.0105
HT-524,41,0.0105
HT-525,40,0.0102
HT-526,40,0.0102
HT-527,40,0.0102
HT-528,40,0.0102
HT-529,40,0.0102
HT-530,40,0.0102
HT-531,40,0.0102
HT-532,40,0.0102
HT-533,40,0.0102
HT-534,40,0.0102
HT-535,40,0.0102
HT-536,40,0.0102
HT-537,40,0.0102
HT-538,40,0.0102
HT-539,40,0.0102
HT-540,40,0.0102
HT-541,39,0.01
HT-542,39,0.01
HT-543,39,0.01
HT-544,39,0.01
HT-545,39,0.01
HT-546,39,0.01
HT-547,39,0.01
HT-548,39,0.01
HT-549,39,0.01
HT-550,39,0.01
HT-551,39,0.01
HT-552,39,0.01
HT-553,39,0.01
HT-554,39,0.01
HT-555,39,0.01
HT-556,38,0.0097
HT-557,38,0.0097
HT-558,38,0.0097
HT-559,38,0.0097
HT-560,38,0.0097
HT-561,38,0.0097
HT-562,38,0.0097
HT-563,38,0.0097
HT-564,38,0.0097
HT-565,38,0.0097
HT-566,38,0.0097
HT-567,38,0.0097
HT-568,38,0.0097
HT-569,38,0.0097
HT-570,38,0.0097
HT-571,38,0.0097
HT-572,38,0.0097
HT-573,38,0.0097
HT-574,38,0.0097
HT-575,38,0.0097
HT-576,38,0.0097
HT-577,38,0.0097
HT-578,37,0.0095
HT-579,37,0.0095
HT-580,37,0.0095
HT-581,37,0.0095
HT-582,37,0.0095
HT-583,37,0.0095
HT-584,37,0.0095
HT-585,37,0.0095
HT-586,37,0.0095
HT-587,36,0.0092
HT-588,36,0.0092
HT-589,36,0.0092
HT-590,36,0.0092
HT-591,36,0.0092
HT-592,36,0.0092
HT-593,36,0.0092
HT-594,36,0.0092
HT-595,36,0.0092
HT-596,36,0.0092
HT-597,36,0.0092
HT-598,36,0.0092
HT-599,36,0.0092
HT-600,35,0.009
HT-601,35,0.009
HT-602,35,0.009
HT-603,35,0.009
HT-604,35,0.009
HT-605,35,0.009
HT-606,35,0.009
HT-607,35,0.009
HT-608,35,0.009
HT-609,35,0.009
HT-610,35,0.009
HT-611,35,0.009
HT-613,35,0.009
HT-614,35,0.009
HT-615,35,0.009
HT-616,35,0.009
HT-617,35,0.009
HT-618,35,0.009
HT-619,35,0.009
HT-620,35,0.009
HT-621,34,0.0087
HT-622,34,0.0087
HT-623,34,0.0087
HT-624,34,0.0087
HT-625,34,0.0087
HT-626,34,0.0087
HT-627,34,0.0087
HT-628,34,0.0087
HT-629,34,0.0087
HT-630,34,0.0087
HT-631,34,0.0087
HT-632,34,0.0087
HT-633,34,0.0087
HT-634,34,0.0087
HT-635,34,0.0087
HT-636,34,0.0087
HT-637,33,0.0085
HT-638,33,0.0085
HT-639,33,0.0085
HT-640,33,0.0085
HT-641,33,0.0085
HT-642,33,0.0085
HT-643,33,0.0085
HT-644,33,0.0085
HT-645,33,0.0085
HT-646,33,0.0085
HT-647,33,0.0085
HT-648,33,0.0085
HT-649,33,0.0085
HT-650,33,0.0085
HT-651,33,0.0085
HT-652,33,0.0085
HT-653,33,0.0085
HT-654,33,0.0085
HT-655,33,0.0085
HT-656,32,0.0082
HT-657,32,0.0082
HT-658,32,0.0082
HT-659,32,0.0082
HT-660,32,0.0082
HT-661,32,0.0082
HT-662,32,0.0082
HT-663,32,0.0082
HT-664,32,0.0082
HT-665,32,0.0082
HT-666,32,0.0082
HT-667,32,0.0082
HT-668,32,0.0082
HT-669,32,0.0082
HT-670,32,0.0082
HT-671,31,0.0079
HT-672,31,0.0079
HT-673,31,0.0079
HT-674,31,0.0079
HT-675,31,0.0079
HT-676,31,0.0079
HT-677,31,0.0079
HT-678,31,0.0079
HT-679,31,0.0079
HT-680,31,0.0079
HT-681,31,0.0079
HT-682,31,0.0079
HT-683,31,0.0079
HT-684,31,0.0079
HT-685,31,0.0079
HT-686,31,0.0079
HT-687,31,0.0079
HT-688,31,0.0079
HT-689,31,0.0079
HT-690,31,0.0079
HT-691,31,0.0079
HT-692,31,0.0079
HT-693,31,0.0079
HT-694,30,0.0077
HT-695,30,0.0077
HT-696,30,0.0077
HT-697,30,0.0077
HT-698,30,0.0077
HT-699,30,0.0077
HT-700,30,0.0077
HT-701,30,0.0077
HT-702,30,0.0077
HT-703,30,0.0077
HT-704,30,0.0077
HT-705,30,0.0077
HT-706,30,0.0077
HT-707,30,0.0077
HT-708,30,0.0077
HT-709,30,0.0077
HT-710,30,0.0077
HT-711,30,0.0077
HT-712,30,0.0077
HT-713,30,0.0077
HT-714,30,0.0077
HT-715,30,0.0077
HT-716,30,0.0077
HT-717,30,0.0077
HT-718,30,0.0077
HT-719,29,0.0074
HT-720,29,0.0074
HT-721,29,0.0074
HT-722,29,0.0074
HT-723,29,0.0074
HT-724,29,0.0074
HT-725,29,0.0074
HT-726,29,0.0074
HT-727,29,0.0074
HT-728,29,0.0074
HT-729,29,0.0074
HT-730,29,0.0074
HT-731,29,0.0074
HT-732,29,0.0074
HT-733,29,0.0074
HT-734,29,0.0074
HT-735,29,0.0074
HT-736,29,0.0074
HT-737,29,0.0074
HT-738,29,0.0074
HT-739,29,0.0074
HT-740,29,0.0074
HT-741,28,0.0072
HT-742,28,0.0072
HT-743,28,0.0072
HT-744,28,0.0072
HT-745,28,0.0072
HT-746,28,0.0072
HT-747,28,0.0072
HT-748,28,0.0072
HT-749,28,0.0072
HT-750,28,0.0072
HT-751,28,0.0072
HT-752,28,0.0072
HT-753,28,0.0072
HT-754,28,0.0072
HT-755,28,0.0072
HT-756,28,0.0072
HT-757,28,0.0072
HT-758,28,0.0072
HT-759,28,0.0072
HT-760,28,0.0072
HT-761,28,0.0072
HT-762,28,0.0072
HT-763,28,0.0072
HT-764,28,0.0072
HT-765,28,0.0072
HT-766,27,0.0069
HT-767,27,0.0069
HT-768,27,0.0069
HT-769,27,0.0069
HT-770,27,0.0069
HT-771,27,0.0069
HT-772,27,0.0069
HT-773,27,0.0069
HT-774,27,0.0069
HT-775,27,0.0069
HT-776,27,0.0069
HT-777,27,0.0069
HT-778,27,0.0069
HT-779,27,0.0069
HT-780,27,0.0069
HT-781,27,0.0069
HT-782,27,0.0069
HT-783,27,0.0069
HT-784,27,0.0069
HT-785,27,0.0069
HT-786,27,0.0069
HT-787,27,0.0069
HT-788,27,0.0069
HT-789,27,0.0069
HT-790,27,0.0069
HT-791,27,0.0069
HT-792,27,0.0069
HT-793,27,0.0069
HT-794,27,0.0069
HT-795,27,0.0069
HT-796,27,0.0069
HT-797,27,0.0069
HT-798,27,0.0069
HT-799,27,0.0069
HT-800,26,0.0067
HT-801,26,0.0067
HT-802,26,0.0067
HT-803,26,0.0067
HT-804,26,0.0067
HT-805,26,0.0067
HT-806,26,0.0067
HT-807,26,0.0067
HT-808,26,0.0067
HT-809,26,0.0067
HT-810,26,0.0067
HT-811,26,0.0067
HT-812,26,0.0067
HT-813,26,0.0067
HT-814,26,0.0067
HT-815,26,0.0067
HT-816,26,0.0067
HT-817,26,0.0067
HT-818,26,0.0067
HT-819,26,0.0067
HT-820,26,0.0067
HT-821,26,0.0067
HT-822,26,0.0067
HT-823,26,0.0067
HT-824,26,0.0067
HT-825,26,0.0067
HT-826,25,0.0064
HT-827,25,0.0064
HT-828,25,0.0064
HT-829,25,0.0064
HT-830,25,0.0064
HT-831,25,0.0064
HT-832,25,0.0064
HT-833,25,0.0064
HT-834,25,0.0064
HT-835,25,0.0064
HT-836,25,0.0064
HT-837,25,0.0064
HT-838,25,0.0064
HT-839,25,0.0064
HT-840,25,0.0064
HT-841,25,0.0064
HT-842,25,0.0064
HT-843,25,0.0064
HT-844,25,0.0064
HT-845,25,0.0064
HT-846,25,0.0064
HT-847,24,0.0061
HT-848,24,0.0061
HT-849,24,0.0061
HT-850,24,0.0061
HT-851,24,0.0061
HT-852,24,0.0061
HT-853,24,0.0061
HT-854,24,0.0061
HT-855,24,0.0061
HT-856,24,0.0061
HT-857,24,0.0061
HT-858,24,0.0061
HT-859,24,0.0061
HT-860,24,0.0061
HT-861,24,0.0061
HT-862,24,0.0061
HT-863,24,0.0061
HT-864,24,0.0061
HT-865,24,0.0061
HT-866,24,0.0061
HT-867,24,0.0061
HT-868,24,0.0061
HT-869,24,0.0061
HT-870,24,0.0061
HT-871,24,0.0061
HT-872,24,0.0061
HT-873,23,0.0059
HT-874,23,0.0059
HT-875,23,0.0059
HT-876,23,0.0059
HT-877,23,0.0059
HT-878,23,0.0059
HT-879,23,0.0059
HT-880,23,0.0059
HT-881,23,0.0059
HT-882,23,0.0059
HT-883,23,0.0059
HT-884,23,0.0059
HT-885,23,0.0059
HT-886,23,0.0059
HT-887,23,0.0059
HT-888,23,0.0059
HT-889,23,0.0059
HT-890,23,0.0059
HT-891,23,0.0059
HT-892,23,0.0059
HT-893,23,0.0059
HT-894,23,0.0059
HT-895,23,0.0059
HT-896,23,0.0059
HT-897,23,0.0059
HT-898,23,0.0059
HT-899,23,0.0059
HT-900,23,0.0059
HT-901,23,0.0059
HT-902,23,0.0059
HT-903,23,0.0059
HT-904,23,0.0059
HT-905,23,0.0059
HT-906,23,0.0059
HT-907,23,0.0059
HT-908,23,0.0059
HT-909,23,0.0059
HT-910,23,0.0059
HT-911,22,0.0056
HT-912,22,0.0056
HT-913,22,0.0056
HT-914,22,0.0056
HT-915,22,0.0056
HT-916,22,0.0056
HT-917,22,0.0056
HT-918,22,0.0056
HT-919,22,0.0056
HT-920,22,0.0056
HT-921,22,0.0056
HT-922,22,0.0056
HT-923,22,0.0056
HT-924,22,0.0056
HT-925,22,0.0056
HT-926,22,0.0056
HT-927,22,0.0056
HT-928,22,0.0056
HT-929,22,0.0056
HT-930,22,0.0056
HT-931,22,0.0056
HT-932,22,0.0056
HT-933,22,0.0056
HT-934,22,0.0056
HT-935,22,0.0056
HT-936,22,0.0056
HT-937,22,0.0056
HT-938,22,0.0056
HT-939,22,0.0056
HT-940,22,0.0056
HT-941,22,0.0056
HT-942,22,0.0056
HT-943,22,0.0056
HT-944,22,0.0056
HT-945,22,0.0056
HT-946,22,0.0056
HT-947,21,0.0054
HT-948,21,0.0054
HT-949,21,0.0054
HT-950,21,0.0054
HT-951,21,0.0054
HT-952,21,0.0054
HT-953,21,0.0054
HT-954,21,0.0054
HT-955,21,0.0054
HT-956,21,0.0054
HT-957,21,0.0054
HT-958,21,0.0054
HT-959,21,0.0054
HT-960,21,0.0054
HT-961,21,0.0054
HT-962,21,0.0054
HT-963,21,0.0054
HT-964,21,0.0054
HT-965,21,0.0054
HT-966,21,0.0054
HT-967,21,0.0054
HT-968,21,0.0054
HT-969,21,0.0054
HT-970,21,0.0054
HT-971,21,0.0054
HT-972,21,0.0054
HT-973,21,0.0054
HT-974,21,0.0054
HT-975,21,0.0054
HT-976,21,0.0054
HT-977,21,0.0054
HT-978,21,0.0054
HT-979,21,0.0054
HT-980,21,0.0054
HT-981,21,0.0054
HT-982,21,0.0054
HT-983,20,0.0051
HT-984,20,0.0051
HT-985,20,0.0051
HT-986,20,0.0051
HT-987,20,0.0051
HT-988,20,0.0051
HT-989,20,0.0051
HT-990,20,0.0051
HT-991,20,0.0051
HT-992,20,0.0051
HT-993,20,0.0051
HT-994,20,0.0051
HT-995,20,0.0051
HT-996,20,0.0051
HT-997,20,0.0051
HT-998,20,0.0051
HT-999,20,0.0051
HT-1000,20,0.0051
HT-1001,20,0.0051
HT-1002,20,0.0051
HT-1003,20,0.0051
HT-1004,20,0.0051
HT-1005,20,0.0051
HT-1006,20,0.0051
HT-1007,20,0.0051
HT-1008,20,0.0051
HT-1009,20,0.0051
HT-1010,20,0.0051
HT-1011,20,0.0051
HT-1012,20,0.0051
HT-1013,20,0.0051
HT-1014,20,0.0051
HT-1015,20,0.0051
HT-1016,20,0.0051
HT-1017,20,0.0051
HT-1018,20,0.0051
HT-1019,20,0.0051
HT-1020,20,0.0051
HT-1021,20,0.0051
HT-1022,20,0.0051
HT-1023,20,0.0051
HT-1024,20,0.0051
HT-1025,20,0.0051
HT-1026,20,0.0051
HT-1027,20,0.0051
HT-1028,20,0.0051
HT-1029,20,0.0051
HT-1030,20,0.0051
